,year,capacity,diameter,revenues,q,p,Md,M,Q0,s_j,s_jd,s_0,cpi98,p98,p98in000,capaMB,lncapaMB,lnsjs0,lnsjd,_3inch,diameter_capacity,FirstYearOfDiameterCapacity,NofYearsInMktOfDiameterCapacity,year_diameter,FrontierCapacityOfDiameter,NofFirmsInDiameterCapacity,NofProductsInDiameter,NofFirmsInDiameter,FirstYearOfDiameter,NofYearsInMktOfDiameter
0,1983,1.0,3.5,0.5,1.5,0.33333334,5.0,1144.9000005722046,20.199999809265137,0.001310158,0.3,0.017643463,0.6110429,0.5455154,0.00054551545,15.0,2.7080503,-2.6002176,-1.2039728,1.0,3.5_1,1983,1.0,1983_3.5,1,8.0,10.0,8.0,1983.0,1.0
1,1983,4.0,5.25,2.299999952316284,1.0,2.3,1139.9000005722046,1144.9000005722046,20.199999809265137,0.0008734387,0.00087726995,0.017643463,0.6110429,3.7640562,0.0037640561,150.0,5.0106354,-3.0056827,-7.038696,0.0,5.25_4,1983,1.0,1983_5.25,4,6.0,64.0,42.0,1979.0,5.0
2,1983,1.0,5.25,542.0,1081.0,0.5013876,1139.9000005722046,1144.9000005722046,20.199999809265137,0.9441873,0.9483288,0.017643463,0.6110429,0.820544,0.000820544,15.0,2.7080503,3.9799592,-0.05305401,0.0,5.25_1,1979,5.0,1983_5.25,4,34.0,64.0,42.0,1979.0,5.0
3,1983,2.0,5.25,45.20000076293945,41.20000076293945,1.0970874,1139.9000005722046,1144.9000005722046,20.199999809265137,0.035985675,0.036143523,0.017643463,0.6110429,1.7954342,0.0017954343,45.0,3.8066626,0.7127556,-3.3202574,0.0,5.25_2,1982,2.0,1983_5.25,4,23.0,64.0,42.0,1979.0,5.0
4,1984,2.0,3.5,0.800000011920929,1.0,0.8,101.4000015258789,2578.6999406814575,43.2999986410141,0.0003877923,0.009861933,0.016791407,0.63742334,1.2550529,0.001255053,45.0,3.8066626,-3.7681527,-4.619073,1.0,3.5_2,1984,1.0,1984_3.5,2,4.0,24.0,20.0,1983.0,2.0
5,1984,1.0,3.5,23.399999618530273,66.30000305175781,0.35294116,101.4000015258789,2578.6999406814575,43.2999986410141,0.025710631,0.65384614,0.016791407,0.63742334,0.5536998,0.0005536998,15.0,2.7080503,0.4260373,-0.42488322,1.0,3.5_1,1983,2.0,1984_3.5,2,20.0,24.0,20.0,1983.0,2.0
6,1984,4.0,5.25,22.0,10.0,2.2,2477.2999391555786,2578.6999406814575,43.2999986410141,0.0038779231,0.004036653,0.016791407,0.63742334,3.4513955,0.0034513955,150.0,5.0106354,-1.4655676,-5.5123396,0.0,5.25_4,1983,2.0,1984_5.25,4,9.0,70.0,41.0,1979.0,6.0
7,1984,1.0,5.25,891.8999999761581,2164.599951148033,0.4120392,2477.2999391555786,2578.6999406814575,43.2999986410141,0.8394152,0.8737739,0.016791407,0.63742334,0.64641374,0.00064641377,15.0,2.7080503,3.9118383,-0.13493367,0.0,5.25_1,1979,6.0,1984_5.25,4,33.0,70.0,41.0,1979.0,6.0
8,1984,2.0,5.25,301.09998774528503,293.49998784065247,1.0258944,2477.2999391555786,2578.6999406814575,43.2999986410141,0.113817036,0.11847576,0.016791407,0.63742334,1.6094396,0.0016094396,45.0,3.8066626,1.9137249,-2.1330469,0.0,5.25_2,1982,3.0,1984_5.25,4,26.0,70.0,41.0,1979.0,6.0
9,1985,1.0,3.5,113.80000305175781,333.6000061035156,0.3411271,405.6000061035156,3486.400065973401,76.69999957084656,0.09568609,0.8224852,0.02199977,0.6601227,0.51676315,0.00051676313,15.0,2.7080503,1.4700409,-0.19542478,1.0,3.5_1,1983,3.0,1985_3.5,2,23.0,33.0,26.0,1983.0,3.0
10,1985,2.0,3.5,1.899999976158142,5.0,0.38,405.6000061035156,3486.400065973401,76.69999957084656,0.0014341441,0.012327416,0.02199977,0.6601227,0.5756506,0.0005756506,45.0,3.8066626,-2.7304637,-4.3959293,1.0,3.5_2,1984,2.0,1985_3.5,2,9.0,33.0,26.0,1983.0,3.0
11,1985,6.0,5.25,0.8999999761581421,0.20000000298023224,4.5,3080.8000598698854,3486.400065973401,76.69999957084656,5.7365763e-05,6.4918204e-05,0.02199977,0.6601227,6.8169146,0.006816915,400.0,5.9914646,-5.94934,-9.642383,0.0,5.25_6,1985,1.0,1985_5.25,6,5.0,83.0,42.0,1979.0,7.0
12,1985,1.0,5.25,850.4000121951103,2384.900048851967,0.3565768,3080.8000598698854,3486.400065973401,76.69999957084656,0.68405807,0.7741171,0.02199977,0.6601227,0.54016745,0.00054016744,15.0,2.7080503,3.4370108,-0.2560321,0.0,5.25_1,1979,7.0,1985_5.25,6,29.0,83.0,42.0,1979.0,7.0
13,1985,2.0,5.25,597.6000123023987,653.7000122070312,0.9141808,3080.8000598698854,3486.400065973401,76.69999957084656,0.1875,0.21218514,0.02199977,0.6601227,1.384865,0.001384865,45.0,3.8066626,2.142747,-1.5502961,0.0,5.25_2,1982,4.0,1985_5.25,6,31.0,83.0,42.0,1979.0,7.0
14,1985,4.0,5.25,71.5999984741211,32.29999923706055,2.2167182,3080.8000598698854,3486.400065973401,76.69999957084656,0.009264571,0.010484289,0.02199977,0.6601227,3.3580396,0.0033580395,150.0,5.0106354,-0.8648345,-4.5578775,0.0,5.25_4,1983,3.0,1985_5.25,6,18.0,83.0,42.0,1979.0,7.0
15,1986,2.0,3.5,8.699999809265137,21.700000762939453,0.40092164,1161.8999519348145,6042.799880981445,69.10000038146973,0.0035910506,0.018676307,0.011435096,0.67239267,0.5962612,0.0005962612,45.0,3.8066626,-1.1582425,-3.9804995,1.0,3.5_2,1984,3.0,1986_3.5,2,20.0,45.0,28.0,1983.0,4.0
16,1986,1.0,3.5,327.0,1086.199951171875,0.30104953,1161.8999519348145,6042.799880981445,69.10000038146973,0.1797511,0.93484807,0.011435096,0.67239267,0.44772875,0.00044772876,15.0,2.7080503,2.754886,-0.06737126,1.0,3.5_1,1983,4.0,1986_3.5,2,22.0,45.0,28.0,1983.0,4.0
17,1986,4.0,5.25,191.10000610351562,116.9000015258789,1.6347306,4880.899929046631,6042.799880981445,69.10000038146973,0.019345338,0.023950502,0.011435096,0.67239267,2.431214,0.002431214,150.0,5.0106354,0.5257642,-3.731766,0.0,5.25_4,1983,4.0,1986_5.25,6,24.0,85.0,36.0,1979.0,8.0
18,1986,1.0,5.25,885.4000244140625,3159.699951171875,0.2802165,4880.899929046631,6042.799880981445,69.10000038146973,0.52288675,0.64736015,0.011435096,0.67239267,0.4167453,0.00041674532,15.0,2.7080503,3.8226776,-0.4348525,0.0,5.25_1,1979,8.0,1986_5.25,6,20.0,85.0,36.0,1979.0,8.0
19,1986,2.0,5.25,1043.9000244140625,1580.5999755859375,0.66044545,4880.899929046631,6042.799880981445,69.10000038146973,0.26156747,0.32383373,0.011435096,0.67239267,0.9822318,0.0009822318,45.0,3.8066626,3.1300051,-1.1275251,0.0,5.25_2,1982,5.0,1986_5.25,6,28.0,85.0,36.0,1979.0,8.0
20,1986,6.0,5.25,25.100000381469727,8.600000381469727,2.9186046,4880.899929046631,6042.799880981445,69.10000038146973,0.0014231814,0.0017619702,0.011435096,0.67239267,4.3406253,0.0043406254,400.0,5.9914646,-2.0837924,-6.3413224,0.0,5.25_6,1985,2.0,1986_5.25,6,12.0,85.0,36.0,1979.0,8.0
21,1987,4.0,3.5,13.699999809265137,12.5,1.096,2763.699951171875,10059.599973678589,66.89999961853027,0.0012425941,0.0045229224,0.006650364,0.6969325,1.5726056,0.0015726056,150.0,5.0106354,-1.6774704,-5.398597,1.0,3.5_4,1987,1.0,1987_3.5,4,14.0,82.0,36.0,1983.0,5.0
22,1987,2.0,3.5,255.89999389648438,696.5,0.36740845,2763.699951171875,10059.599973678589,66.89999961853027,0.069237344,0.25201723,0.006650364,0.6969325,0.5271794,0.0005271794,45.0,3.8066626,2.3428688,-1.3782579,1.0,3.5_2,1984,4.0,1987_3.5,4,32.0,82.0,36.0,1983.0,5.0
23,1987,3.0,3.5,3.5,5.0,0.7,2763.699951171875,10059.599973678589,66.89999961853027,0.00049703766,0.001809169,0.006650364,0.6969325,1.0044014,0.0010044015,80.0,4.3820267,-2.593761,-6.3148875,1.0,3.5_3,1987,1.0,1987_3.5,4,12.0,82.0,36.0,1983.0,5.0
24,1987,1.0,3.5,515.0999755859375,1993.699951171875,0.25836384,2763.699951171875,10059.599973678589,66.89999961853027,0.1981888,0.721388,0.006650364,0.6969325,0.37071574,0.00037071574,15.0,2.7080503,3.3945484,-0.32657817,1.0,3.5_1,1983,5.0,1987_3.5,4,24.0,82.0,36.0,1983.0,5.0
25,1987,3.0,5.25,572.5999755859375,831.2000122070312,0.6888835,7295.900022506714,10059.599973678589,66.89999961853027,0.08262754,0.113927,0.006650364,0.6969325,0.9884508,0.0009884508,80.0,4.3820267,2.5196714,-2.1721973,0.0,5.25_3,1983,5.0,1987_5.25,7,21.0,99.0,31.0,1979.0,9.0
26,1987,6.0,5.25,78.9000015258789,39.599998474121094,1.9924244,7295.900022506714,10059.599973678589,66.89999961853027,0.003936538,0.0054277056,0.006650364,0.6969325,2.8588483,0.0028588483,400.0,5.9914646,-0.52436996,-5.216239,0.0,5.25_6,1985,3.0,1987_5.25,7,14.0,99.0,31.0,1979.0,9.0
27,1987,7.0,5.25,3.5999999046325684,1.0,3.6,7295.900022506714,10059.599973678589,66.89999961853027,9.940753e-05,0.00013706328,0.006650364,0.6969325,5.165493,0.005165493,750.0,6.6200733,-4.203199,-8.895068,0.0,5.25_7,1987,1.0,1987_5.25,7,8.0,99.0,31.0,1979.0,9.0
28,1987,4.0,5.25,460.5,376.70001220703125,1.2224581,7295.900022506714,10059.599973678589,66.89999961853027,0.03744682,0.05163174,0.006650364,0.6969325,1.7540553,0.0017540553,150.0,5.0106354,1.7282501,-2.9636188,0.0,5.25_4,1983,5.0,1987_5.25,7,22.0,99.0,31.0,1979.0,9.0
29,1987,2.0,5.25,1064.300048828125,2717.39990234375,0.39166117,7295.900022506714,10059.599973678589,66.89999961853027,0.27013,0.37245575,0.006650364,0.6969325,0.56197864,0.0005619786,45.0,3.8066626,3.7042317,-0.98763704,0.0,5.25_2,1982,6.0,1987_5.25,7,18.0,99.0,31.0,1979.0,9.0
30,1987,1.0,5.25,722.9000244140625,3319.10009765625,0.2178,7295.900022506714,10059.599973678589,66.89999961853027,0.32994354,0.45492676,0.006650364,0.6969325,0.31251234,0.00031251233,15.0,2.7080503,3.90425,-0.7876188,0.0,5.25_1,1979,9.0,1987_5.25,7,16.0,99.0,31.0,1979.0,9.0
31,1988,3.0,3.5,28.199999809265137,50.30000019073486,0.56063616,5920.899954795837,14072.399891138077,53.90000057220459,0.0035743725,0.00849533,0.0038301926,0.7257669,0.77247417,0.00077247416,80.0,4.3820267,-0.06912546,-4.7682385,1.0,3.5_3,1987,2.0,1988_3.5,4,13.0,82.0,35.0,1983.0,6.0
32,1988,1.0,3.5,822.7999725341797,3802.9999389648438,0.2163555,5920.899954795837,14072.399891138077,53.90000057220459,0.2702453,0.642301,0.0038301926,0.7257669,0.29810604,0.00029810605,15.0,2.7080503,4.256415,-0.4426982,1.0,3.5_1,1983,6.0,1988_3.5,4,22.0,82.0,35.0,1983.0,6.0
33,1988,4.0,3.5,94.20000171661377,110.40000343322754,0.8532609,5920.899954795837,14072.399891138077,53.90000057220459,0.007845144,0.018645816,0.0038301926,0.7257669,1.175668,0.001175668,150.0,5.0106354,0.7169796,-3.9821336,1.0,3.5_4,1987,2.0,1988_3.5,4,16.0,82.0,35.0,1983.0,6.0
34,1988,2.0,3.5,629.7999877929688,1935.2000122070312,0.3254444,5920.899954795837,14072.399891138077,53.90000057220459,0.13751741,0.32684222,0.0038301926,0.7257669,0.4484145,0.0004484145,45.0,3.8066626,3.5808353,-1.1182778,1.0,3.5_2,1984,5.0,1988_3.5,4,29.0,82.0,35.0,1983.0,6.0
35,1988,4.0,5.25,680.4000091552734,723.5000228881836,0.94042844,8151.499936342239,14072.399891138077,53.90000057220459,0.051412698,0.08875667,0.0038301926,0.7257669,1.2957721,0.001295772,150.0,5.0106354,2.59697,-2.4218566,0.0,5.25_4,1983,6.0,1988_5.25,7,20.0,89.0,24.0,1979.0,10.0
36,1988,2.0,5.25,882.6000061035156,3226.7999267578125,0.27352175,8151.499936342239,14072.399891138077,53.90000057220459,0.2292999,0.39585352,0.0038301926,0.7257669,0.37687272,0.00037687272,45.0,3.8066626,4.092116,-0.926711,0.0,5.25_2,1982,7.0,1988_5.25,7,14.0,89.0,24.0,1979.0,10.0
37,1988,3.0,5.25,591.5,1034.6999816894531,0.5716633,8151.499936342239,14072.399891138077,53.90000057220459,0.073526904,0.1269337,0.0038301926,0.7257669,0.78766793,0.00078766793,80.0,4.3820267,2.9547362,-2.0640905,0.0,5.25_3,1983,6.0,1988_5.25,7,17.0,89.0,24.0,1979.0,10.0
38,1988,6.0,5.25,414.29999923706055,288.7000045776367,1.4350537,8151.499936342239,14072.399891138077,53.90000057220459,0.020515336,0.035416797,0.0038301926,0.7257669,1.9772929,0.0019772928,400.0,5.9914646,1.6782576,-3.340569,0.0,5.25_6,1985,4.0,1988_5.25,7,13.0,89.0,24.0,1979.0,10.0
39,1988,7.0,5.25,41.80000162124634,17.399999856948853,2.402299,8151.499936342239,14072.399891138077,53.90000057220459,0.0012364628,0.0021345764,0.0038301926,0.7257669,3.3100145,0.0033100145,750.0,6.6200733,-1.1306603,-6.149487,0.0,5.25_7,1987,2.0,1988_5.25,7,11.0,89.0,24.0,1979.0,10.0
40,1988,1.0,5.25,569.8000183105469,2828.5,0.20144954,8151.499936342239,14072.399891138077,53.90000057220459,0.20099628,0.34699136,0.0038301926,0.7257669,0.27756783,0.00027756783,15.0,2.7080503,3.9603713,-1.0584553,0.0,5.25_1,1979,10.0,1988_5.25,7,10.0,89.0,24.0,1979.0,10.0
41,1989,4.0,3.5,370.8000068664551,666.5000114440918,0.5563391,10698.79992890358,18394.299918055534,98.19999814033508,0.03623405,0.062296707,0.00533861,0.76073617,0.73131675,0.00073131674,150.0,5.0106354,1.9150339,-2.7758467,1.0,3.5_4,1987,3.0,1989_3.5,6,23.0,95.0,35.0,1983.0,7.0
42,1989,1.0,3.5,771.1999969482422,3824.699951171875,0.20163673,10698.79992890358,18394.299918055534,98.19999814033508,0.20792854,0.3574887,0.00533861,0.76073617,0.26505473,0.00026505472,15.0,2.7080503,3.662229,-1.0286516,1.0,3.5_1,1983,7.0,1989_3.5,6,17.0,95.0,35.0,1983.0,7.0
43,1989,2.0,3.5,1595.7999877929688,5656.199951171875,0.2821329,10698.79992890358,18394.299918055534,98.19999814033508,0.30749744,0.5286761,0.00533861,0.76073617,0.37086827,0.00037086828,45.0,3.8066626,4.0535016,-0.63737935,1.0,3.5_2,1984,6.0,1989_3.5,6,27.0,95.0,35.0,1983.0,7.0
44,1989,6.0,3.5,9.600000381469727,8.0,1.2,10698.79992890358,18394.299918055534,98.19999814033508,0.00043491734,0.0007477474,0.00533861,0.76073617,1.5774195,0.0015774195,400.0,5.9914646,-2.5075645,-7.1984453,1.0,3.5_6,1989,1.0,1989_3.5,6,9.0,95.0,35.0,1983.0,7.0
45,1989,3.0,3.5,259.1999931335449,536.5000152587891,0.48313138,10698.79992890358,18394.299918055534,98.19999814033508,0.029166644,0.050145812,0.00533861,0.76073617,0.63508403,0.00063508406,80.0,4.3820267,1.6980604,-2.9928203,1.0,3.5_3,1987,3.0,1989_3.5,6,16.0,95.0,35.0,1983.0,7.0
46,1989,8.0,5.25,2.5,1.100000023841858,2.2727273,7695.499989151955,18394.299918055534,98.19999814033508,5.9801136e-05,0.00014294068,0.00533861,0.76073617,2.9875367,0.0029875366,1500.0,7.3132205,-4.491696,-8.853081,0.0,5.25_8,1989,1.0,1989_5.25,8,9.0,84.0,22.0,1979.0,11.0
47,1989,1.0,5.25,349.8000030517578,1875.4000244140625,0.1865202,7695.499989151955,18394.299918055534,98.19999814033508,0.101955496,0.24370086,0.00533861,0.76073617,0.24518383,0.00024518382,15.0,2.7080503,2.9495711,-1.4118137,0.0,5.25_1,1979,11.0,1989_5.25,8,6.0,84.0,22.0,1979.0,11.0
48,1989,6.0,5.25,718.2999725341797,590.0000076293945,1.2174575,7695.499989151955,18394.299918055534,98.19999814033508,0.032075156,0.07666818,0.00533861,0.76073617,1.6003677,0.0016003677,400.0,5.9914646,1.7931165,-2.5682685,0.0,5.25_6,1985,5.0,1989_5.25,8,13.0,84.0,22.0,1979.0,11.0
49,1989,2.0,5.25,929.8000183105469,3530.3999633789062,0.2633696,7695.499989151955,18394.299918055534,98.19999814033508,0.19192903,0.4587616,0.00533861,0.76073617,0.3462036,0.0003462036,45.0,3.8066626,3.5821602,-0.7792246,0.0,5.25_2,1982,8.0,1989_5.25,8,13.0,84.0,22.0,1979.0,11.0
50,1989,4.0,5.25,478.99998474121094,573.5999908447266,0.8350767,7695.499989151955,18394.299918055534,98.19999814033508,0.031183572,0.07453707,0.00533861,0.76073617,1.0977218,0.0010977219,150.0,5.0106354,1.7649261,-2.5964587,0.0,5.25_4,1983,7.0,1989_5.25,8,17.0,84.0,22.0,1979.0,11.0
51,1989,7.0,5.25,251.50000381469727,142.0999984741211,1.7698804,7695.499989151955,18394.299918055534,98.19999814033508,0.0077252192,0.018465336,0.00533861,0.76073617,2.3265364,0.0023265365,750.0,6.6200733,0.36952487,-3.99186,0.0,5.25_7,1987,3.0,1989_5.25,8,13.0,84.0,22.0,1979.0,11.0
52,1989,3.0,5.25,405.8999938964844,891.6000061035156,0.45524898,7695.499989151955,18394.299918055534,98.19999814033508,0.048471536,0.11585992,0.00533861,0.76073617,0.5984321,0.00059843215,80.0,4.3820267,2.2060113,-2.1553733,0.0,5.25_3,1983,7.0,1989_5.25,8,13.0,84.0,22.0,1979.0,11.0
53,1990,7.0,3.5,7.5,6.699999809265137,1.119403,16202.099999427795,22467.099972248077,151.89999961853027,0.00029821382,0.00041352664,0.006760997,0.8018405,1.396042,0.001396042,750.0,6.6200733,-3.121115,-7.7907887,1.0,3.5_7,1990,1.0,1990_3.5,7,5.0,103.0,35.0,1983.0,8.0
54,1990,3.0,3.5,744.0999908447266,2162.3999633789062,0.3441084,16202.099999427795,22467.099972248077,151.89999961853027,0.0962474,0.13346417,0.006760997,0.8018405,0.4291482,0.0004291482,80.0,4.3820267,2.6557515,-2.0139222,1.0,3.5_3,1987,4.0,1990_3.5,7,19.0,103.0,35.0,1983.0,8.0
55,1990,4.0,3.5,1343.4000244140625,2657.4999389648438,0.5055127,16202.099999427795,22467.099972248077,151.89999961853027,0.11828407,0.16402194,0.006760997,0.8018405,0.6304405,0.0006304405,150.0,5.0106354,2.8619187,-1.8077551,1.0,3.5_4,1987,4.0,1990_3.5,7,26.0,103.0,35.0,1983.0,8.0
56,1990,2.0,3.5,2131.800048828125,9297.10009765625,0.22929731,16202.099999427795,22467.099972248077,151.89999961853027,0.41380954,0.5738207,0.006760997,0.8018405,0.28596374,0.00028596373,45.0,3.8066626,4.1142354,-0.5554383,1.0,3.5_2,1984,7.0,1990_3.5,7,25.0,103.0,35.0,1983.0,8.0
57,1990,6.0,3.5,22.800000190734863,21.899999618530273,1.041096,16202.099999427795,22467.099972248077,151.89999961853027,0.00097475864,0.0013516766,0.006760997,0.8018405,1.2983829,0.0012983829,400.0,5.9914646,-1.9367357,-6.6064095,1.0,3.5_6,1989,2.0,1990_3.5,7,12.0,103.0,35.0,1983.0,8.0
58,1990,1.0,3.5,378.3000030517578,2054.5,0.1841324,16202.099999427795,22467.099972248077,151.89999961853027,0.09144482,0.12680455,0.006760997,0.8018405,0.22963719,0.0002296372,15.0,2.7080503,2.6045654,-2.0651083,1.0,3.5_1,1983,8.0,1990_3.5,7,13.0,103.0,35.0,1983.0,8.0
59,1990,1.0,5.25,158.4000015258789,920.6999969482422,0.17204301,6264.999972820282,22467.099972248077,151.89999961853027,0.04097992,0.1469593,0.006760997,0.8018405,0.21456015,0.00021456015,15.0,2.7080503,1.8019118,-1.9175996,0.0,5.25_1,1979,12.0,1990_5.25,8,6.0,86.0,24.0,1979.0,12.0
60,1990,6.0,5.25,608.8999786376953,598.4000091552734,1.0175468,6264.999972820282,22467.099972248077,151.89999961853027,0.026634501,0.09551477,0.006760997,0.8018405,1.269014,0.001269014,400.0,5.9914646,1.371037,-2.3484745,0.0,5.25_6,1985,6.0,1990_5.25,8,14.0,86.0,24.0,1979.0,12.0
61,1990,4.0,5.25,290.8999938964844,384.59999084472656,0.75637025,6264.999972820282,22467.099972248077,151.89999961853027,0.017118365,0.061388668,0.006760997,0.8018405,0.9432927,0.0009432927,150.0,5.0106354,0.9289814,-2.79053,0.0,5.25_4,1983,8.0,1990_5.25,8,15.0,86.0,24.0,1979.0,12.0
62,1990,3.0,5.25,234.9000015258789,686.2999877929688,0.34227017,6264.999972820282,22467.099972248077,151.89999961853027,0.030546889,0.10954509,0.006760997,0.8018405,0.42685568,0.0004268557,80.0,4.3820267,1.5080924,-2.211419,0.0,5.25_3,1983,8.0,1990_5.25,8,13.0,86.0,24.0,1979.0,12.0
63,1990,7.0,5.25,549.5000076293945,399.20000076293945,1.376503,6264.999972820282,22467.099972248077,151.89999961853027,0.017768204,0.06371907,0.006760997,0.8018405,1.7166793,0.0017166793,750.0,6.6200733,0.96624017,-2.7532713,0.0,5.25_7,1987,4.0,1990_5.25,8,13.0,86.0,24.0,1979.0,12.0
64,1990,8.0,5.25,141.89999675750732,61.09999990463257,2.3224223,6264.999972820282,22467.099972248077,151.89999961853027,0.002719532,0.009752594,0.006760997,0.8018405,2.8963645,0.0028963645,1500.0,7.3132205,-0.9107106,-4.630222,0.0,5.25_8,1989,2.0,1990_5.25,8,11.0,86.0,24.0,1979.0,12.0
65,1990,2.0,5.25,686.5999755859375,3064.7999877929688,0.22402766,6264.999972820282,22467.099972248077,151.89999961853027,0.1364128,0.48919395,0.006760997,0.8018405,0.2793918,0.0002793918,45.0,3.8066626,3.0045152,-0.7149963,0.0,5.25_2,1982,9.0,1990_5.25,8,10.0,86.0,24.0,1979.0,12.0
66,1991,3.0,3.5,769.2999877929688,3051.5,0.2521055,22170.199917033315,24855.699925139546,242.30000591278076,0.12276862,0.13763972,0.009748267,0.8355828,0.3017122,0.0003017122,80.0,4.3820267,2.533212,-1.9831158,1.0,3.5_3,1987,5.0,1991_3.5,8,15.0,106.0,27.0,1983.0,9.0
67,1991,7.0,3.5,83.20000076293945,77.00000095367432,1.0805194,22170.199917033315,24855.699925139546,242.30000591278076,0.003097881,0.0034731308,0.009748267,0.8355828,1.2931327,0.0012931327,750.0,6.6200733,-1.1463711,-5.6626987,1.0,3.5_7,1990,2.0,1991_3.5,8,12.0,106.0,27.0,1983.0,9.0
68,1991,2.0,3.5,2153.7000122070312,12247.39990234375,0.17584957,22170.199917033315,24855.699925139546,242.30000591278076,0.4927401,0.5524262,0.009748267,0.8355828,0.21045141,0.00021045141,45.0,3.8066626,3.9228923,-0.5934354,1.0,3.5_2,1984,8.0,1991_3.5,8,18.0,106.0,27.0,1983.0,9.0
69,1991,6.0,3.5,316.0,365.4000015258789,0.8648057,22170.199917033315,24855.699925139546,242.30000591278076,0.014700853,0.016481584,0.009748267,0.8355828,1.034973,0.0010349731,400.0,5.9914646,0.410816,-4.1055117,1.0,3.5_6,1989,3.0,1991_3.5,8,14.0,106.0,27.0,1983.0,9.0
70,1991,8.0,3.5,0.30000001192092896,0.20000000298023224,1.5,22170.199917033315,24855.699925139546,242.30000591278076,8.046444e-06,9.021119e-06,0.009748267,0.8355828,1.7951542,0.0017951542,1500.0,7.3132205,-7.0996146,-11.615942,1.0,3.5_8,1991,1.0,1991_3.5,8,10.0,106.0,27.0,1983.0,9.0
71,1991,4.0,3.5,1439.9999694824219,4546.5,0.31672713,22170.199917033315,24855.699925139546,242.30000591278076,0.18291579,0.20507258,0.009748267,0.8355828,0.37904936,0.00037904936,150.0,5.0106354,2.9319363,-1.5843914,1.0,3.5_4,1987,5.0,1991_3.5,8,19.0,106.0,27.0,1983.0,9.0
72,1991,5.0,3.5,882.7999877929688,1882.2000122070312,0.4690256,22170.199917033315,24855.699925139546,242.30000591278076,0.075725086,0.08489775,0.009748267,0.8355828,0.56131554,0.0005613155,200.0,5.2983174,2.05002,-2.4663076,1.0,3.5_5,1989,3.0,1991_3.5,8,18.0,106.0,27.0,1983.0,9.0
73,1991,2.0,5.25,123.0999984741211,781.1999816894531,0.15757808,2685.5000081062317,24855.699925139546,242.30000591278076,0.03142941,0.29089555,0.009748267,0.8355828,0.18858464,0.00018858464,45.0,3.8066626,1.1706545,-1.234791,0.0,5.25_2,1982,10.0,1991_5.25,9,8.0,71.0,21.0,1979.0,13.0
74,1991,9.0,5.25,140.49999809265137,50.20000076293945,2.7988048,2685.5000081062317,24855.699925139546,242.30000591278076,0.0020196575,0.018692981,0.009748267,0.8355828,3.3495243,0.0033495242,2500.0,7.824046,-1.5741615,-3.979607,0.0,5.25_9,1991,1.0,1991_5.25,9,6.0,71.0,21.0,1979.0,13.0
75,1991,4.0,5.25,142.89999771118164,214.3000030517578,0.6668222,2685.5000081062317,24855.699925139546,242.30000591278076,0.008621765,0.07979892,0.009748267,0.8355828,0.79803246,0.00079803244,150.0,5.0106354,-0.12279967,-2.5282452,0.0,5.25_4,1983,9.0,1991_5.25,9,9.0,71.0,21.0,1979.0,13.0
76,1991,8.0,5.25,472.0999984741211,280.7000045776367,1.6818668,2685.5000081062317,24855.699925139546,242.30000591278076,0.011293184,0.1045243,0.009748267,0.8355828,2.012807,0.002012807,1500.0,7.3132205,0.14710984,-2.2583356,0.0,5.25_8,1989,3.0,1991_5.25,9,11.0,71.0,21.0,1979.0,13.0
77,1991,5.0,5.25,3.200000047683716,3.5999999046325684,0.88888896,2685.5000081062317,24855.699925139546,242.30000591278076,0.00014483598,0.0013405324,0.009748267,0.8355828,1.0637952,0.0010637952,200.0,5.2983174,-4.209243,-6.6146884,0.0,5.25_5,1985,7.0,1991_5.25,9,6.0,71.0,21.0,1979.0,13.0
78,1991,6.0,5.25,397.3000030517578,479.3999938964844,0.8287443,2685.5000081062317,24855.699925139546,242.30000591278076,0.019287325,0.17851424,0.009748267,0.8355828,0.99181587,0.0009918158,400.0,5.9914646,0.6823586,-1.7230868,0.0,5.25_6,1985,7.0,1991_5.25,9,12.0,71.0,21.0,1979.0,13.0
79,1991,3.0,5.25,68.79999923706055,167.8000030517578,0.41001192,2685.5000081062317,24855.699925139546,242.30000591278076,0.006750967,0.06248371,0.009748267,0.8355828,0.49068975,0.00049068977,80.0,4.3820267,-0.36740378,-2.7728493,0.0,5.25_3,1983,9.0,1991_5.25,9,7.0,71.0,21.0,1979.0,13.0
80,1991,7.0,5.25,532.7999877929688,466.00001525878906,1.1433476,2685.5000081062317,24855.699925139546,242.30000591278076,0.018748214,0.17352448,0.009748267,0.8355828,1.3683236,0.0013683236,750.0,6.6200733,0.654009,-1.7514366,0.0,5.25_7,1987,5.0,1991_5.25,9,12.0,71.0,21.0,1979.0,13.0
81,1992,3.0,3.5,976.0999755859375,4765.0,0.20484784,32341.899772658944,34207.699756756425,317.9000001102686,0.13929613,0.1473321,0.009293229,0.8607362,0.23799144,0.00023799144,80.0,4.3820267,2.707316,-1.915066,1.0,3.5_3,1987,6.0,1992_3.5,8,5.0,85.0,24.0,1983.0,10.0
82,1992,2.0,3.5,1081.6999816894531,7082.499755859375,0.15272856,32341.899772658944,34207.699756756425,317.9000001102686,0.20704402,0.21898836,0.009293229,0.8607362,0.17743945,0.00017743945,45.0,3.8066626,3.1036453,-1.5187367,1.0,3.5_2,1984,9.0,1992_3.5,8,7.0,85.0,24.0,1983.0,10.0
83,1992,7.0,3.5,385.4000015258789,512.5999908447266,0.7518533,32341.899772658944,34207.699756756425,317.9000001102686,0.01498493,0.01584941,0.009293229,0.8607362,0.8735003,0.0008735003,750.0,6.6200733,0.4777589,-4.144623,1.0,3.5_7,1990,3.0,1992_3.5,8,13.0,85.0,24.0,1983.0,10.0
84,1992,6.0,3.5,802.3000183105469,1250.5,0.6415834,32341.899772658944,34207.699756756425,317.9000001102686,0.0365561,0.038665015,0.009293229,0.8607362,0.7453891,0.0007453891,400.0,5.9914646,1.3695619,-3.25282,1.0,3.5_6,1989,4.0,1992_3.5,8,12.0,85.0,24.0,1983.0,10.0
85,1992,5.0,3.5,1339.2999877929688,3596.9000244140625,0.3723484,32341.899772658944,34207.699756756425,317.9000001102686,0.105148844,0.11121487,0.009293229,0.8607362,0.43259293,0.00043259293,200.0,5.2983174,2.4260907,-2.1962912,1.0,3.5_5,1989,4.0,1992_3.5,8,18.0,85.0,24.0,1983.0,10.0
86,1992,4.0,3.5,3471.89990234375,14898.5,0.23303688,32341.899772658944,34207.699756756425,317.9000001102686,0.4355306,0.46065632,0.009293229,0.8607362,0.27074134,0.00027074135,150.0,5.0106354,3.847279,-0.77510303,1.0,3.5_4,1987,6.0,1992_3.5,8,13.0,85.0,24.0,1983.0,10.0
87,1992,8.0,3.5,302.6000061035156,234.9000015258789,1.2882078,32341.899772658944,34207.699756756425,317.9000001102686,0.006866875,0.0072630243,0.009293229,0.8607362,1.4966348,0.0014966348,1500.0,7.3132205,-0.30257696,-4.924959,1.0,3.5_8,1991,2.0,1992_3.5,8,12.0,85.0,24.0,1983.0,10.0
88,1992,9.0,5.25,248.10000228881836,111.89999961853027,2.2171583,1865.7999840974808,34207.699756756425,317.9000001102686,0.0032711932,0.059974276,0.009293229,0.8607362,2.575886,0.002575886,2500.0,7.824046,-1.0441313,-2.8138394,0.0,5.25_9,1991,2.0,1992_5.25,9,7.0,40.0,15.0,1979.0,14.0
89,1992,6.0,5.25,174.0999984741211,211.59999084472656,0.8227789,1865.7999840974808,34207.699756756425,317.9000001102686,0.0061857416,0.113409795,0.009293229,0.8607362,0.9559013,0.00095590134,400.0,5.9914646,-0.4070392,-2.1767476,0.0,5.25_6,1985,8.0,1992_5.25,9,6.0,40.0,15.0,1979.0,14.0
90,1992,3.0,5.25,18.800000190734863,61.5,0.30569106,1865.7999840974808,34207.699756756425,317.9000001102686,0.0017978408,0.032961734,0.009293229,0.8607362,0.3551507,0.0003551507,80.0,4.3820267,-1.6426997,-3.4124079,0.0,5.25_3,1983,10.0,1992_5.25,9,5.0,40.0,15.0,1979.0,14.0
91,1992,5.0,5.25,0.5,0.6000000238418579,0.8333333,1865.7999840974808,34207.699756756425,317.9000001102686,1.7539911e-05,0.00032157789,0.009293229,0.8607362,0.96816343,0.0009681634,200.0,5.2983174,-6.2725625,-8.042271,0.0,5.25_5,1985,8.0,1992_5.25,9,2.0,40.0,15.0,1979.0,14.0
92,1992,7.0,5.25,339.5,319.3999938964844,1.0629305,1865.7999840974808,34207.699756756425,317.9000001102686,0.009337079,0.17118663,0.009293229,0.8607362,1.2349086,0.0012349086,750.0,6.6200733,0.004707334,-1.7650009,0.0,5.25_7,1987,6.0,1992_5.25,9,7.0,40.0,15.0,1979.0,14.0
93,1992,8.0,5.25,971.7999877929688,622.8000030517578,1.5603725,1865.7999840974808,34207.699756756425,317.9000001102686,0.018206427,0.33379784,0.009293229,0.8607362,1.8128347,0.0018128348,1500.0,7.3132205,0.6724886,-1.0972197,0.0,5.25_8,1989,4.0,1992_5.25,9,8.0,40.0,15.0,1979.0,14.0
94,1992,2.0,5.25,22.499999523162842,155.6999969482422,0.14450867,1865.7999840974808,34207.699756756425,317.9000001102686,0.0045516067,0.08344946,0.009293229,0.8607362,0.16788962,0.00016788962,45.0,3.8066626,-0.7138058,-2.483514,0.0,5.25_2,1982,11.0,1992_5.25,9,1.0,40.0,15.0,1979.0,14.0
95,1992,4.0,5.25,44.000000953674316,65.39999961853027,0.6727829,1865.7999840974808,34207.699756756425,317.9000001102686,0.0019118503,0.03505199,0.009293229,0.8607362,0.7816366,0.00078163657,150.0,5.0106354,-1.5812145,-3.3509228,0.0,5.25_4,1983,10.0,1992_5.25,9,4.0,40.0,15.0,1979.0,14.0
96,1993,8.0,3.5,1301.2000122070312,1521.9999389648438,0.8549278,39367.60004043579,40455.300025224686,369.7999999523163,0.03762177,0.038661234,0.009140953,0.88650304,0.96438223,0.00096438226,1500.0,7.3132205,1.4148182,-3.2529178,1.0,3.5_8,1991,3.0,1993_3.5,9,12.0,81.0,18.0,1983.0,11.0
97,1993,6.0,3.5,1113.2999877929688,3809.199951171875,0.2922661,39367.60004043579,40455.300025224686,369.7999999523163,0.09415824,0.096759774,0.009140953,0.88650304,0.32968426,0.00032968426,400.0,5.9914646,2.332212,-2.3355238,1.0,3.5_6,1989,5.0,1993_3.5,9,15.0,81.0,18.0,1983.0,11.0
98,1993,9.0,3.5,198.20000457763672,153.00000381469727,1.2954248,39367.60004043579,40455.300025224686,369.7999999523163,0.003781952,0.0038864447,0.009140953,0.88650304,1.4612751,0.0014612752,2500.0,7.824046,-0.88252443,-5.5502605,1.0,3.5_9,1993,1.0,1993_3.5,9,7.0,81.0,18.0,1983.0,11.0
99,1993,7.0,3.5,1047.0000305175781,1994.9000244140625,0.5248383,39367.60004043579,40455.300025224686,369.7999999523163,0.049311217,0.050673652,0.009140953,0.88650304,0.5920322,0.0005920322,750.0,6.6200733,1.6853869,-2.9823492,1.0,3.5_7,1990,4.0,1993_3.5,9,15.0,81.0,18.0,1983.0,11.0
100,1993,3.0,3.5,628.8999938964844,5172.5999755859375,0.121582955,39367.60004043579,40455.300025224686,369.7999999523163,0.12785964,0.13139232,0.009140953,0.88650304,0.13714895,0.00013714895,80.0,4.3820267,2.6381683,-2.0295677,1.0,3.5_3,1987,7.0,1993_3.5,9,4.0,81.0,18.0,1983.0,11.0
101,1993,4.0,3.5,2271.6000366210938,14974.80029296875,0.15169485,39367.60004043579,40455.300025224686,369.7999999523163,0.3701567,0.38038388,0.009140953,0.88650304,0.171116,0.000171116,150.0,5.0106354,3.7011619,-0.9665743,1.0,3.5_4,1987,7.0,1993_3.5,9,7.0,81.0,18.0,1983.0,11.0
102,1993,5.0,3.5,2531.8999633789062,11663.099853515625,0.21708636,39367.60004043579,40455.300025224686,369.7999999523163,0.28829595,0.2962614,0.009140953,0.88650304,0.24487942,0.00024487943,200.0,5.2983174,3.451223,-1.2165132,1.0,3.5_5,1989,5.0,1993_3.5,9,15.0,81.0,18.0,1983.0,11.0
103,1993,7.0,5.25,98.5,101.4000015258789,0.9714004,1087.6999847888947,40455.300025224686,369.7999999523163,0.00250647,0.093224235,0.009140953,0.88650304,1.0957665,0.0010957666,750.0,6.6200733,-1.2938893,-2.3727477,0.0,5.25_7,1987,7.0,1993_5.25,1,4.0,26.0,8.0,1979.0,15.0
104,1993,10.0,5.25,75.30000305175781,36.10000038146973,2.0858727,1087.6999847888947,40455.300025224686,369.7999999523163,0.00089234294,0.0331893,0.009140953,0.88650304,2.3529222,0.0023529222,4000.0,8.294049,-2.3266695,-3.4055278,0.0,5.25_10,1993,1.0,1993_5.25,1,5.0,26.0,8.0,1979.0,15.0
105,1993,8.0,5.25,337.6999969482422,255.99999237060547,1.3191407,1087.6999847888947,40455.300025224686,369.7999999523163,0.006327972,0.23535901,0.009140953,0.88650304,1.4880272,0.0014880272,1500.0,7.3132205,-0.36778492,-1.4466432,0.0,5.25_8,1989,5.0,1993_5.25,1,4.0,26.0,8.0,1979.0,15.0
106,1993,6.0,5.25,50.79999923706055,50.19999933242798,1.0119522,1087.6999847888947,40455.300025224686,369.7999999523163,0.0012408757,0.04615243,0.009140953,0.88650304,1.1415101,0.0011415101,400.0,5.9914646,-1.9969474,-3.0758057,0.0,5.25_6,1985,9.0,1993_5.25,1,4.0,26.0,8.0,1979.0,15.0
107,1993,9.0,5.25,465.1999969482422,274.49999237060547,1.6947176,1087.6999847888947,40455.300025224686,369.7999999523163,0.0067852666,0.25236738,0.009140953,0.88650304,1.9116884,0.0019116885,2500.0,7.824046,-0.29801112,-1.3768694,0.0,5.25_9,1991,3.0,1993_5.25,1,4.0,26.0,8.0,1979.0,15.0
108,1993,4.0,5.25,14.699999809265137,18.799999237060547,0.7819149,1087.6999847888947,40455.300025224686,369.7999999523163,0.0004647104,0.017284177,0.009140953,0.88650304,0.88202167,0.0008820217,150.0,5.0106354,-2.9791055,-4.057964,0.0,5.25_4,1983,11.0,1993_5.25,1,2.0,26.0,8.0,1979.0,15.0
109,1993,3.0,5.25,14.300000190734863,58.89999961853027,0.24278438,1087.6999847888947,40455.300025224686,369.7999999523163,0.0014559278,0.05415096,0.009140953,0.88650304,0.27386752,0.0002738675,80.0,4.3820267,-1.8371212,-2.9159796,0.0,5.25_3,1983,11.0,1993_5.25,1,2.0,26.0,8.0,1979.0,15.0
110,1994,4.0,3.5,542.5999908447266,4995.699951171875,0.10861341,55979.70030593872,56638.80030876398,467.40000000596046,0.08820278,0.08924127,0.008252294,0.90920246,0.11946009,0.00011946009,150.0,5.0106354,2.3691473,-2.4164116,1.0,3.5_4,1987,8.0,1994_3.5,10,2.0,59.0,14.0,1983.0,12.0
111,1994,6.0,3.5,2730.2999267578125,15730.2001953125,0.17357057,55979.70030593872,56638.80030876398,467.40000000596046,0.27772835,0.2809983,0.008252294,0.90920246,0.1909042,0.0001909042,400.0,5.9914646,3.5161524,-1.2694067,1.0,3.5_6,1989,6.0,1994_3.5,10,9.0,59.0,14.0,1983.0,12.0
112,1994,7.0,3.5,2720.5,9049.10009765625,0.30063763,55979.70030593872,56638.80030876398,467.40000000596046,0.15976857,0.16164967,0.008252294,0.90920246,0.33066082,0.0003306608,750.0,6.6200733,2.9632351,-1.8223238,1.0,3.5_7,1990,5.0,1994_3.5,10,11.0,59.0,14.0,1983.0,12.0
113,1994,10.0,3.5,188.0,160.5999984741211,1.1706102,55979.70030593872,56638.80030876398,467.40000000596046,0.002835512,0.002868897,0.008252294,0.90920246,1.2875133,0.0012875133,4000.0,8.294049,-1.0682687,-5.8538275,1.0,3.5_10,1994,1.0,1994_3.5,10,8.0,59.0,14.0,1983.0,12.0
114,1994,5.0,3.5,2776.0000610351562,20315.5,0.13664444,55979.70030593872,56638.80030876398,467.40000000596046,0.3586852,0.36290833,0.008252294,0.90920246,0.15029044,0.00015029045,200.0,5.2983174,3.7719538,-1.013605,1.0,3.5_5,1989,6.0,1994_3.5,10,6.0,59.0,14.0,1983.0,12.0
115,1994,8.0,3.5,2134.9000244140625,3782.6000366210938,0.56440014,55979.70030593872,56638.80030876398,467.40000000596046,0.066784605,0.067570925,0.008252294,0.90920246,0.62076396,0.000620764,1500.0,7.3132205,2.0909815,-2.6945775,1.0,3.5_8,1991,4.0,1994_3.5,10,12.0,59.0,14.0,1983.0,12.0
116,1994,9.0,3.5,1362.3999633789062,1598.0000305175781,0.85256565,55979.70030593872,56638.80030876398,467.40000000596046,0.028213875,0.028546063,0.008252294,0.90920246,0.9377071,0.00093770714,2500.0,7.824046,1.2293227,-3.5562363,1.0,3.5_9,1993,2.0,1994_3.5,10,9.0,59.0,14.0,1983.0,12.0
117,1994,3.0,3.5,22.600000023841858,157.99999618530273,0.14303797,55979.70030593872,56638.80030876398,467.40000000596046,0.002789607,0.0028224515,0.008252294,0.90920246,0.15732247,0.00015732247,80.0,4.3820267,-1.0845904,-5.8701496,1.0,3.5_3,1987,8.0,1994_3.5,10,2.0,59.0,14.0,1983.0,12.0
118,1994,10.0,5.25,349.1999969482422,125.0999984741211,2.7913668,659.1000028252602,56638.80030876398,467.40000000596046,0.0022087332,0.18980427,0.008252294,0.90920246,3.0701268,0.0030701268,4000.0,8.294049,-1.3180721,-1.6617619,0.0,5.25_10,1993,2.0,1994_5.25,10,3.0,19.0,7.0,1979.0,16.0
119,1994,7.0,5.25,34.70000076293945,24.59999966621399,1.4105692,659.1000028252602,56638.80030876398,467.40000000596046,0.00043433122,0.037323624,0.008252294,0.90920246,1.5514357,0.0015514357,750.0,6.6200733,-2.9444392,-3.2881289,0.0,5.25_7,1987,8.0,1994_5.25,10,3.0,19.0,7.0,1979.0,16.0
120,1994,4.0,5.25,7.499999910593033,8.200000196695328,0.9146341,659.1000028252602,56638.80030876398,467.40000000596046,0.00014477708,0.012441208,0.008252294,0.90920246,1.005974,0.001005974,150.0,5.0106354,-4.0430512,-4.386741,0.0,5.25_4,1983,12.0,1994_5.25,10,2.0,19.0,7.0,1979.0,16.0
121,1994,6.0,5.25,16.399999618530273,15.599999904632568,1.051282,659.1000028252602,56638.80030876398,467.40000000596046,0.00027542957,0.02366864,0.008252294,0.90920246,1.1562684,0.0011562684,400.0,5.9914646,-3.3999145,-3.7436044,0.0,5.25_6,1985,10.0,1994_5.25,10,2.0,19.0,7.0,1979.0,16.0
122,1994,3.0,5.25,7.800000071525574,20.899999618530273,0.37320575,659.1000028252602,56638.80030876398,467.40000000596046,0.000369005,0.031709906,0.008252294,0.90920246,0.41047597,0.00041047597,80.0,4.3820267,-3.1074364,-3.451126,0.0,5.25_3,1983,12.0,1994_5.25,10,1.0,19.0,7.0,1979.0,16.0
123,1994,9.0,5.25,230.00000762939453,137.90000343322754,1.6678753,659.1000028252602,56638.80030876398,467.40000000596046,0.0024347268,0.2092247,0.008252294,0.90920246,1.8344377,0.0018344377,2500.0,7.824046,-1.2206566,-1.5643464,0.0,5.25_9,1991,4.0,1994_5.25,10,3.0,19.0,7.0,1979.0,16.0
124,1994,8.0,5.25,67.69999885559082,49.400001525878906,1.3704453,659.1000028252602,56638.80030876398,467.40000000596046,0.00087219366,0.074950695,0.008252294,0.90920246,1.5073048,0.0015073048,1500.0,7.3132205,-2.247235,-2.5909247,0.0,5.25_8,1989,6.0,1994_5.25,10,4.0,19.0,7.0,1979.0,16.0
125,1995,9.0,3.5,2299.2000122070312,3850.699951171875,0.59708625,73152.39960938692,73831.69961065054,604.2999877929688,0.052155104,0.05263942,0.008184831,0.9349693,0.6386159,0.0006386159,2500.0,7.824046,1.8519396,-2.94429,1.0,3.5_9,1993,3.0,1995_3.5,11,12.0,54.0,14.0,1983.0,13.0
126,1995,11.0,3.5,0.5,0.30000001192092896,1.6666666,73152.39960938692,73831.69961065054,604.2999877929688,4.0632954e-06,4.1010276e-06,0.008184831,0.9349693,1.7825897,0.0017825897,7500.0,8.922658,-7.6080437,-12.404273,1.0,3.5_11,1995,1.0,1995_3.5,11,6.0,54.0,14.0,1983.0,13.0
127,1995,8.0,3.5,4452.199951171875,18463.5,0.24113521,73152.39960938692,73831.69961065054,604.2999877929688,0.25007552,0.25239775,0.008184831,0.9349693,0.2579071,0.0002579071,1500.0,7.3132205,3.4194803,-1.376749,1.0,3.5_8,1991,5.0,1995_3.5,11,12.0,54.0,14.0,1983.0,13.0
128,1995,7.0,3.5,5854.699951171875,35148.099609375,0.1665723,73152.39960938692,73831.69961065054,604.2999877929688,0.47605702,0.48047775,0.008184831,0.9349693,0.17815804,0.00017815805,750.0,6.6200733,4.0632553,-0.73297435,1.0,3.5_7,1990,6.0,1995_3.5,11,7.0,54.0,14.0,1983.0,13.0
129,1995,10.0,3.5,1260.0,1444.8999633789062,0.8720327,73152.39960938692,73831.69961065054,604.2999877929688,0.019570185,0.019751916,0.008184831,0.9349693,0.9326859,0.0009326859,4000.0,8.294049,0.8717247,-3.9245048,1.0,3.5_10,1994,2.0,1995_3.5,11,9.0,54.0,14.0,1983.0,13.0
130,1995,6.0,3.5,1339.7999877929688,9682.7001953125,0.1383705,73152.39960938692,73831.69961065054,604.2999877929688,0.13114557,0.1323634,0.008184831,0.9349693,0.1479947,0.0001479947,400.0,5.9914646,2.7740254,-2.0222042,1.0,3.5_6,1989,7.0,1995_3.5,11,4.0,54.0,14.0,1983.0,13.0
131,1995,5.0,3.5,542.3000030517578,4221.89990234375,0.12844928,73152.39960938692,73831.69961065054,604.2999877929688,0.057182755,0.05771376,0.008184831,0.9349693,0.13738342,0.00013738341,200.0,5.2983174,1.9439698,-2.8522596,1.0,3.5_5,1989,7.0,1995_3.5,11,4.0,54.0,14.0,1983.0,13.0
132,1995,11.0,5.25,566.0,325.0,1.7415384,679.3000012636185,73831.69961065054,604.2999877929688,0.004401903,0.47843367,0.008184831,0.9349693,1.8626691,0.0018626691,7500.0,8.922658,-0.6202455,-0.7372377,0.0,5.25_11,1995,1.0,1995_5.25,1,2.0,15.0,7.0,1979.0,17.0
133,1995,5.0,5.25,6.300000190734863,7.5,0.84000003,679.3000012636185,73831.69961065054,604.2999877929688,0.00010158238,0.011040777,0.008184831,0.9349693,0.8984252,0.00089842523,200.0,5.2983174,-4.389168,-4.50616,0.0,5.25_5,1985,11.0,1995_5.25,1,2.0,15.0,7.0,1979.0,17.0
134,1995,6.0,5.25,5.3999998569488525,4.100000023841858,1.3170731,679.3000012636185,73831.69961065054,604.2999877929688,5.5531702e-05,0.006035625,0.008184831,0.9349693,1.4086806,0.0014086806,400.0,5.9914646,-4.993084,-5.110076,0.0,5.25_6,1985,11.0,1995_5.25,1,1.0,15.0,7.0,1979.0,17.0
135,1995,8.0,5.25,7.5,6.800000190734863,1.1029412,679.3000012636185,73831.69961065054,604.2999877929688,9.210136e-05,0.010010305,0.008184831,0.9349693,1.179655,0.001179655,1500.0,7.3132205,-4.4871483,-4.6041403,0.0,5.25_8,1989,7.0,1995_5.25,1,3.0,15.0,7.0,1979.0,17.0
136,1995,9.0,5.25,225.9000015258789,56.20000076293945,4.0195727,679.3000012636185,73831.69961065054,604.2999877929688,0.00076119066,0.08273222,0.008184831,0.9349693,4.2991495,0.0042991494,2500.0,7.824046,-2.375154,-2.492146,0.0,5.25_9,1991,5.0,1995_5.25,1,4.0,15.0,7.0,1979.0,17.0
137,1995,10.0,5.25,12.300000190734863,11.400000095367432,1.0789474,679.3000012636185,73831.69961065054,604.2999877929688,0.00015440522,0.016781982,0.008184831,0.9349693,1.1539923,0.0011539923,4000.0,8.294049,-3.9704573,-4.0874496,0.0,5.25_10,1993,3.0,1995_5.25,1,1.0,15.0,7.0,1979.0,17.0
138,1995,7.0,5.25,6.900000095367432,4.300000190734863,1.6046511,679.3000012636185,73831.69961065054,604.2999877929688,5.824057e-05,0.006330046,0.008184831,0.9349693,1.7162607,0.0017162607,750.0,6.6200733,-4.9454556,-5.062448,0.0,5.25_7,1987,9.0,1995_5.25,1,1.0,15.0,7.0,1979.0,17.0
139,1996,6.0,3.5,31.0,204.60000610351562,0.15151514,83678.00081634521,88324.00074315071,1041.0,0.0023164712,0.002445087,0.011786151,0.9625767,0.1574058,0.0001574058,400.0,5.9914646,-1.6268802,-6.0136747,1.0,3.5_6,1989,8.0,1996_3.5,11,2.0,43.0,12.0,1983.0,14.0
140,1996,10.0,3.5,3034.8999633789062,4512.9000244140625,0.6724944,83678.00081634521,88324.00074315071,1041.0,0.051094834,0.05393174,0.011786151,0.9625767,0.6986398,0.00069863984,4000.0,8.294049,1.4667583,-2.920036,1.0,3.5_10,1994,3.0,1996_3.5,11,11.0,43.0,12.0,1983.0,14.0
141,1996,8.0,3.5,7621.69970703125,42850.701171875,0.1778664,83678.00081634521,88324.00074315071,1041.0,0.48515353,0.5120904,0.011786151,0.9625767,0.18478154,0.00018478153,1500.0,7.3132205,3.7175403,-0.6692541,1.0,3.5_8,1991,6.0,1996_3.5,11,9.0,43.0,12.0,1983.0,14.0
142,1996,11.0,3.5,318.9000015258789,322.7000045776367,0.9882243,83678.00081634521,88324.00074315071,1041.0,0.0036535936,0.0038564499,0.011786151,0.9625767,1.0266448,0.0010266448,7500.0,8.922658,-1.171214,-5.558008,1.0,3.5_11,1995,2.0,1996_3.5,11,8.0,43.0,12.0,1983.0,14.0
143,1996,7.0,3.5,2919.199951171875,20557.7998046875,0.14199963,83678.00081634521,88324.00074315071,1041.0,0.2327544,0.24567747,0.011786151,0.9625767,0.14752033,0.00014752033,750.0,6.6200733,2.9830587,-1.4037356,1.0,3.5_7,1990,7.0,1996_3.5,11,1.0,43.0,12.0,1983.0,14.0
144,1996,9.0,3.5,4257.300048828125,14269.2998046875,0.29835382,83678.00081634521,88324.00074315071,1041.0,0.16155632,0.1705263,0.011786151,0.9625767,0.3099533,0.0003099533,2500.0,7.824046,2.6179287,-1.7688658,1.0,3.5_9,1993,4.0,1996_3.5,11,11.0,43.0,12.0,1983.0,14.0
145,1996,9.0,5.25,337.5,1708.199951171875,0.1975764,4645.999926805496,88324.00074315071,1041.0,0.019340156,0.3676711,0.011786151,0.9625767,0.20525783,0.00020525783,2500.0,7.824046,0.49525836,-1.0005665,0.0,5.25_9,1991,6.0,1996_5.25,12,2.0,15.0,7.0,1979.0,18.0
146,1996,13.0,5.25,19.0,10.0,1.9,4645.999926805496,88324.00074315071,1041.0,0.00011321951,0.0021523891,0.011786151,0.9625767,1.9738687,0.0019738688,30000.0,10.308952,-4.645352,-6.1411767,0.0,5.25_13,1996,1.0,1996_5.25,12,1.0,15.0,7.0,1979.0,18.0
147,1996,6.0,5.25,3.6999999284744263,2.9000000953674316,1.275862,4645.999926805496,88324.00074315071,1041.0,3.2833657e-05,0.0006241929,0.011786151,0.9625767,1.3254653,0.0013254653,400.0,5.9914646,-5.8832264,-7.379051,0.0,5.25_6,1985,12.0,1996_5.25,12,3.0,15.0,7.0,1979.0,18.0
148,1996,8.0,5.25,383.1999969482422,2524.0999755859375,0.15181649,4645.999926805496,88324.00074315071,1041.0,0.028577736,0.54328454,0.011786151,0.9625767,0.15771885,0.00015771885,1500.0,7.3132205,0.8857028,-0.6101221,0.0,5.25_8,1989,8.0,1996_5.25,12,3.0,15.0,7.0,1979.0,18.0
149,1996,10.0,5.25,0.7000000178813934,3.5,0.2,4645.999926805496,88324.00074315071,1041.0,3.962683e-05,0.00075333624,0.011786151,0.9625767,0.20777565,0.00020777565,4000.0,8.294049,-5.695174,-7.190999,0.0,5.25_10,1993,4.0,1996_5.25,12,2.0,15.0,7.0,1979.0,18.0
150,1996,11.0,5.25,427.39998626708984,315.0,1.3568254,4645.999926805496,88324.00074315071,1041.0,0.0035664146,0.06780026,0.011786151,0.9625767,1.4095764,0.0014095764,7500.0,8.922658,-1.1953644,-2.6911893,0.0,5.25_11,1995,2.0,1996_5.25,12,3.0,15.0,7.0,1979.0,18.0
151,1996,7.0,5.25,2.5999999046325684,1.2999999523162842,2.0,4645.999926805496,88324.00074315071,1041.0,1.4718536e-05,0.00027981057,0.011786151,0.9625767,2.0777566,0.0020777567,750.0,6.6200733,-6.6855726,-8.181397,0.0,5.25_7,1987,10.0,1996_5.25,12,1.0,15.0,7.0,1979.0,18.0
152,1997,10.0,3.5,6499.0001220703125,24304.80078125,0.26739573,104578.70013427734,110206.70013314486,1239.1999988555908,0.22053832,0.2324068,0.011244325,0.9846626,0.27156076,0.00027156077,4000.0,8.294049,2.976208,-1.4592661,1.0,3.5_10,1994,4.0,1997_3.5,12,10.0,41.0,12.0,1983.0,15.0
153,1997,8.0,3.5,4424.2000732421875,32155.0,0.1375898,104578.70013427734,110206.70013314486,1239.1999988555908,0.29176992,0.30747178,0.011244325,0.9846626,0.13973294,0.00013973295,1500.0,7.3132205,3.256102,-1.179372,1.0,3.5_8,1991,7.0,1997_3.5,12,6.0,41.0,12.0,1983.0,15.0
154,1997,7.0,3.5,60.400001525878906,538.7999877929688,0.112100974,104578.70013427734,110206.70013314486,1239.1999988555908,0.0048889946,0.0051521007,0.011244325,0.9846626,0.11384709,0.00011384709,750.0,6.6200733,-0.83287686,-5.2683506,1.0,3.5_7,1990,8.0,1997_3.5,12,1.0,41.0,12.0,1983.0,15.0
155,1997,9.0,3.5,6969.500244140625,40284.69921875,0.17300613,104578.70013427734,110206.70013314486,1239.1999988555908,0.36553767,0.3852094,0.011244325,0.9846626,0.17570093,0.00017570093,2500.0,7.824046,3.4815059,-0.95396817,1.0,3.5_9,1993,5.0,1997_3.5,12,9.0,41.0,12.0,1983.0,15.0
156,1997,11.0,3.5,3390.2000732421875,5918.900146484375,0.57277536,104578.70013427734,110206.70013314486,1239.1999988555908,0.05370726,0.056597568,0.011244325,0.9846626,0.5816971,0.0005816971,7500.0,8.922658,1.5636847,-2.8717892,1.0,3.5_11,1995,3.0,1997_3.5,12,9.0,41.0,12.0,1983.0,15.0
157,1997,12.0,3.5,214.5,192.5,1.1142857,104578.70013427734,110206.70013314486,1239.1999988555908,0.0017467177,0.001840719,0.011244325,0.9846626,1.1316422,0.0011316423,15000.0,9.615806,-1.8621252,-6.297599,1.0,3.5_12,1997,1.0,1997_3.5,12,6.0,41.0,12.0,1983.0,15.0
158,1997,9.0,5.25,385.8000030517578,2660.0,0.14503759,5627.999998867512,110206.70013314486,1239.1999988555908,0.024136463,0.47263682,0.011244325,0.9846626,0.14729674,0.00014729674,2500.0,7.824046,0.76386017,-0.74942803,0.0,5.25_9,1991,7.0,1997_5.25,13,2.0,12.0,4.0,1979.0,19.0
159,1997,7.0,5.25,0.5,0.30000001192092896,1.6666666,5627.999998867512,110206.70013314486,1239.1999988555908,2.7221577e-06,5.3304906e-05,0.011244325,0.9846626,1.6926272,0.0016926272,750.0,6.6200733,-8.326194,-9.839482,0.0,5.25_7,1987,11.0,1997_5.25,13,1.0,12.0,4.0,1979.0,19.0
160,1997,8.0,5.25,38.39999961853027,258.5,0.14854932,5627.999998867512,110206.70013314486,1239.1999988555908,0.0023455925,0.04593106,0.011244325,0.9846626,0.15086317,0.00015086317,1500.0,7.3132205,-1.5673255,-3.0806136,0.0,5.25_8,1989,9.0,1997_5.25,13,1.0,12.0,4.0,1979.0,19.0
161,1997,10.0,5.25,317.7999954223633,1800.0,0.17655556,5627.999998867512,110206.70013314486,1239.1999988555908,0.016332945,0.31982943,0.011244325,0.9846626,0.17930564,0.00017930564,4000.0,8.294049,0.37332067,-1.1399674,0.0,5.25_10,1993,5.0,1997_5.25,13,2.0,12.0,4.0,1979.0,19.0
162,1997,13.0,5.25,228.00000381469727,155.0,1.4709678,5627.999998867512,110206.70013314486,1239.1999988555908,0.0014064481,0.027540866,0.011244325,0.9846626,1.49388,0.0014938801,30000.0,10.308952,-2.0787961,-3.5920844,0.0,5.25_13,1996,2.0,1997_5.25,13,1.0,12.0,4.0,1979.0,19.0
163,1997,11.0,5.25,226.0999984741211,699.0,0.3234621,5627.999998867512,110206.70013314486,1239.1999988555908,0.006342627,0.124200426,0.011244325,0.9846626,0.32850045,0.00032850046,7500.0,8.922658,-0.5725705,-2.0858586,0.0,5.25_11,1995,3.0,1997_5.25,13,3.0,12.0,4.0,1979.0,19.0
164,1998,12.0,3.5,2079.3999633789062,5159.7999267578125,0.40300012,116812.80090332031,120885.90090322495,1267.69997549057,0.042683225,0.044171527,0.010486748,1.0,0.40300012,0.00040300013,15000.0,9.615806,1.4036937,-3.119675,1.0,3.5_12,1997,2.0,1998_3.5,13,8.0,40.0,10.0,1983.0,16.0
165,1998,13.0,3.5,43.19999837875366,40.0,1.0799999,116812.80090332031,120885.90090322495,1267.69997549057,0.00033089053,0.00034242822,0.010486748,1.0,1.0799999,0.00108,30000.0,10.308952,-3.45608,-7.9794483,1.0,3.5_13,1998,1.0,1998_3.5,13,8.0,40.0,10.0,1983.0,16.0
166,1998,10.0,3.5,8437.0,57814.201171875,0.145933,116812.80090332031,120885.90090322495,1267.69997549057,0.4782543,0.49493036,0.010486748,1.0,0.145933,0.00014593301,4000.0,8.294049,3.8200302,-0.7033382,1.0,3.5_10,1994,5.0,1998_3.5,13,9.0,40.0,10.0,1983.0,16.0
167,1998,9.0,3.5,2575.7000732421875,22244.900390625,0.11578834,116812.80090332031,120885.90090322495,1267.69997549057,0.18401568,0.19043204,0.010486748,1.0,0.11578834,0.00011578834,2500.0,7.824046,2.8649087,-1.6584599,1.0,3.5_9,1993,6.0,1998_3.5,13,3.0,40.0,10.0,1983.0,16.0
168,1998,11.0,3.5,6134.7998046875,29123.8994140625,0.21064486,116812.80090332031,120885.90090322495,1267.69997549057,0.24092056,0.24932113,0.010486748,1.0,0.21064486,0.00021064485,7500.0,8.922658,3.1343548,-1.3890135,1.0,3.5_11,1995,4.0,1998_3.5,13,9.0,40.0,10.0,1983.0,16.0
169,1998,8.0,3.5,121.5999984741211,1165.4000244140625,0.10434185,116812.80090332031,120885.90090322495,1267.69997549057,0.009640496,0.009976647,0.010486748,1.0,0.10434185,0.00010434185,1500.0,7.3132205,-0.08413979,-4.607508,1.0,3.5_8,1991,8.0,1998_3.5,13,2.0,40.0,10.0,1983.0,16.0
170,1998,12.0,5.25,72.5,360.0,0.2013889,4073.0999999046326,120885.90090322495,1267.69997549057,0.0029780148,0.08838477,0.010486748,1.0,0.2013889,0.0002013889,15000.0,9.615806,-1.2588555,-2.4260557,0.0,5.25_12,1996,3.0,1998_5.25,14,1.0,4.0,2.0,1979.0,20.0
171,1998,14.0,5.25,159.09999656677246,109.5,1.452968,4073.0999999046326,120885.90090322495,1267.69997549057,0.00090581283,0.0268837,0.010486748,1.0,1.452968,0.001452968,60000.0,11.0021,-2.449035,-3.616235,0.0,5.25_14,1998,1.0,1998_5.25,14,0.0,4.0,2.0,1979.0,20.0
172,1998,13.0,5.25,16.49999976158142,12.5,1.3199999,4073.0999999046326,120885.90090322495,1267.69997549057,0.00010340329,0.0030689156,0.010486748,1.0,1.3199999,0.0013199999,30000.0,10.308952,-4.6192307,-5.786431,0.0,5.25_13,1996,3.0,1998_5.25,14,0.0,4.0,2.0,1979.0,20.0
173,1998,9.0,5.25,11.599999904632568,112.0,0.10357143,4073.0999999046326,120885.90090322495,1267.69997549057,0.0009264935,0.027497483,0.010486748,1.0,0.10357143,0.00010357143,2500.0,7.824046,-2.4264607,-3.5936608,0.0,5.25_9,1991,8.0,1998_5.25,14,0.0,4.0,2.0,1979.0,20.0
174,1998,11.0,5.25,302.6999969482422,1954.0,0.154913,4073.0999999046326,120885.90090322495,1267.69997549057,0.016164003,0.47973287,0.010486748,1.0,0.154913,0.000154913,7500.0,8.922658,0.43267435,-0.73452586,0.0,5.25_11,1995,4.0,1998_5.25,14,2.0,4.0,2.0,1979.0,20.0
175,1998,10.0,5.25,174.29999542236328,1522.0,0.11452036,4073.0999999046326,120885.90090322495,1267.69997549057,0.012590385,0.37367117,0.010486748,1.0,0.11452036,0.000114520364,4000.0,8.294049,0.18282107,-0.98437905,0.0,5.25_10,1993,6.0,1998_5.25,14,1.0,4.0,2.0,1979.0,20.0
